<?xml version="1.0" encoding="UTF-8"?>
<configuration scan="true">
    <appender name="consoleAppender" class="ch.qos.logback.core.ConsoleAppender">
        <encoder>
            <charset>UTF-8</charset>
            <Pattern>%d{dd-MM-yyyy HH:mm:ss.SSS} [%thread] %-5level %logger{36} - %msg%n</Pattern>
        </encoder>
    </appender>

    <appender name="FILE" class="ch.qos.logback.core.rolling.RollingFileAppender">
        <file>logs/PCMaintenance.log</file>
        <rollingPolicy class="ch.qos.logback.core.rolling.TimeBasedRollingPolicy">
            <fileNamePattern>logs/archive/PCMaintenance_%d{yyyy-MM-dd}.%i.log</fileNamePattern>
            <timeBasedFileNamingAndTriggeringPolicy class="ch.qos.logback.core.rolling.SizeAndTimeBasedFNATP">
                <maxFileSize>1024MB</maxFileSize>
            </timeBasedFileNamingAndTriggeringPolicy>
        </rollingPolicy>

        <encoder>
            <charset>UTF-8</charset>
            <pattern>%d{dd-MM-yyyy HH:mm:ss.SSS} [%thread] %-5level %logger{36} - %msg%n</pattern>
        </encoder>
    </appender>

    <root level="INFO">
        <appender-ref ref="consoleAppender" />
        <appender-ref ref="FILE"/>
    </root>

    <logger name="com.example.WebItemMaster" level="INFO" additivity="false">
        <appender-ref ref="consoleAppender" />
        <appender-ref ref="FILE"/>
    </logger>

    <logger name="org.springframework.web" level="INFO" additivity="false">
        <appender-ref ref="consoleAppender" />
        <appender-ref ref="FILE"/>
    </logger>
</configuration>